MouseID,DYRK1A_N,ITSN1_N,BDNF_N,NR1_N,NR2A_N,pAKT_N,Genotype,Treatment,Behavior,class
3414_1,0.838053341,1.006323893,0.3649528,2.603061131,4.207680323,0.202547887,Ts65Dn,Memantine,C/S,t-CS-m
3414_2,0.938244544,1.077099018,0.366148861,2.703611932,4.48422758,0.197464977,Ts65Dn,Memantine,C/S,t-CS-m
3414_3,0.956488032,1.10844074,0.384048842,2.662564202,4.606357205,0.203798818,Ts65Dn,Memantine,C/S,t-CS-m
3414_4,0.731738035,0.944240898,0.324364552,2.32024273,3.621250286,0.198648958,Ts65Dn,Memantine,C/S,t-CS-m
3414_5,0.815502959,1.00556213,0.335976331,2.379289941,3.641656805,0.217869822,Ts65Dn,Memantine,C/S,t-CS-m
3414_6,0.807474652,0.925253478,0.334826692,2.327988682,4.018038199,0.206437161,Ts65Dn,Memantine,C/S,t-CS-m
3414_7,0.668977725,0.903673108,0.312435462,2.291340906,3.594777991,0.207110193,Ts65Dn,Memantine,C/S,t-CS-m
3414_8,0.776663065,0.916962494,0.327056645,2.407933323,3.627102948,0.209445902,Ts65Dn,Memantine,C/S,t-CS-m
3414_9,0.646086165,0.942657767,0.313106796,2.259708738,3.694629854,0.217536408,Ts65Dn,Memantine,C/S,t-CS-m
3414_10,0.602819996,0.835561253,0.301043765,2.133125801,3.064457059,0.215345175,Ts65Dn,Memantine,C/S,t-CS-m
3414_11,0.625976005,0.806893925,0.327937536,2.217863264,3.52161493,0.236526376,Ts65Dn,Memantine,C/S,t-CS-m
3414_12,0.605380298,0.875749952,0.312754016,2.184633249,3.676795045,0.225275789,Ts65Dn,Memantine,C/S,t-CS-m
3414_13,0.555122374,0.726229153,0.278319255,2.097249296,2.897552523,0.222222222,Ts65Dn,Memantine,C/S,t-CS-m
3414_14,0.543225534,0.757767914,0.294018178,2.014161911,3.134432467,0.211794547,Ts65Dn,Memantine,C/S,t-CS-m
3414_15,0.574554817,0.714868054,0.278910105,2.026818279,3.281270114,0.200815276,Ts65Dn,Memantine,C/S,t-CS-m
3416_1,0.641871921,0.8591133,0.327980296,2.652610837,4.201576355,0.190246305,Ts65Dn,Memantine,C/S,t-CS-m
3416_2,0.673084718,0.877280097,0.341102554,2.696291042,4.180077017,0.194568302,Ts65Dn,Memantine,C/S,t-CS-m
3416_3,0.660194175,0.828580097,0.341929612,2.662216828,4.58131068,0.198624595,Ts65Dn,Memantine,C/S,t-CS-m
3416_4,0.571500251,0.747992975,0.311465128,2.450200702,3.827270447,0.200075263,Ts65Dn,Memantine,C/S,t-CS-m
3416_5,0.540852001,0.738702577,0.318658552,2.47921792,4.044930726,0.203418361,Ts65Dn,Memantine,C/S,t-CS-m
3416_6,0.649590164,0.728995902,0.316854508,2.486296107,3.866675205,0.200947746,Ts65Dn,Memantine,C/S,t-CS-m
3416_7,0.474654378,0.671428571,0.294930876,2.251920123,3.322580645,0.204454685,Ts65Dn,Memantine,C/S,t-CS-m
3416_8,0.46444276,0.66899166,0.290523124,2.188476118,3.500682335,0.20318423,Ts65Dn,Memantine,C/S,t-CS-m
3416_9,0.542598762,0.673647469,0.307472632,2.346501666,3.6127241,0.211962558,Ts65Dn,Memantine,C/S,t-CS-m
3416_10,0.418401057,0.53534853,0.279319458,1.909811695,2.686653452,0.190452593,Ts65Dn,Memantine,C/S,t-CS-m
3416_11,0.406919537,0.520234883,0.249166799,1.799555626,2.358673226,0.176956039,Ts65Dn,Memantine,C/S,t-CS-m
3416_12,0.44573509,0.584778086,0.268377254,1.993758669,2.746879334,0.199202497,Ts65Dn,Memantine,C/S,t-CS-m
3416_13,0.511217949,0.65728022,0.322344322,2.196657509,3.155677656,0.243589744,Ts65Dn,Memantine,C/S,t-CS-m
3416_14,0.392627058,0.503042233,0.251431639,1.726020043,2.377594846,0.187902649,Ts65Dn,Memantine,C/S,t-CS-m
3416_15,0.440879382,0.539512775,0.263418499,1.89681125,2.458902753,0.208358091,Ts65Dn,Memantine,C/S,t-CS-m
3417_1,0.449649843,0.648031876,0.261531031,1.789181357,2.991789423,0.181960879,Ts65Dn,Memantine,C/S,t-CS-m
3417_2,0.486866675,0.681812523,0.250591311,1.835926802,3.239014067,0.18175028,Ts65Dn,Memantine,C/S,t-CS-m
3417_3,0.52421875,0.700130208,0.257682292,1.954036458,3.281380208,0.194921875,Ts65Dn,Memantine,C/S,t-CS-m
3417_4,0.427303466,0.579740772,0.233023387,1.637080868,2.612426036,0.184981685,Ts65Dn,Memantine,C/S,t-CS-m
3417_5,0.434017595,0.563343109,0.241055718,1.720234604,2.727859238,0.187096774,Ts65Dn,Memantine,C/S,t-CS-m
3417_6,0.467165809,0.6284511,0.255966308,1.785680861,2.848697551,0.198253003,Ts65Dn,Memantine,C/S,t-CS-m
3417_7,0.369484046,0.485913103,0.228784793,1.441955193,2.103699932,0.184317719,Ts65Dn,Memantine,C/S,t-CS-m
3417_8,0.403018446,0.530091299,0.23737656,1.603316564,2.509409353,0.197503261,Ts65Dn,Memantine,C/S,t-CS-m
3417_9,0.408687259,0.56988417,0.243436293,1.633783784,2.580888031,0.20965251,Ts65Dn,Memantine,C/S,t-CS-m
3417_10,0.413551913,0.502295082,0.231256831,1.499453552,2.086338798,0.208743169,Ts65Dn,Memantine,C/S,t-CS-m
3417_11,0.418160377,0.523820755,0.251415094,1.564858491,2.319575472,0.224764151,Ts65Dn,Memantine,C/S,t-CS-m
3417_12,0.407619048,0.540952381,0.255,1.603571429,2.356666667,0.246190476,Ts65Dn,Memantine,C/S,t-CS-m
3417_13,0.358104609,0.463231486,0.29337131,1.465820818,2.039875712,0.210253755,Ts65Dn,Memantine,C/S,t-CS-m
3417_14,0.377394636,0.486590038,0.253147236,1.554734537,2.141215107,0.223864258,Ts65Dn,Memantine,C/S,t-CS-m
3417_15,0.495831017,0.5,0.290439133,1.569483046,2.217342968,0.229294052,Ts65Dn,Memantine,C/S,t-CS-m
3429_1,0.853105838,1.071847507,0.280458544,2.080645161,3.850306585,0.181284991,Ts65Dn,Memantine,C/S,t-CS-m
3429_2,0.872787758,0.980172987,0.274916833,2.052561544,3.808915502,0.183499667,Ts65Dn,Memantine,C/S,t-CS-m
3429_3,0.88856383,1.071409574,0.29375,2.045478723,3.782978723,0.175132979,Ts65Dn,Memantine,C/S,t-CS-m
3429_4,0.765429988,0.92648316,0.264489656,1.943580099,3.380406907,0.186014703,Ts65Dn,Memantine,C/S,t-CS-m
3429_5,0.799383245,0.889155388,0.259551139,1.938667124,3.418022957,0.188281652,Ts65Dn,Memantine,C/S,t-CS-m
3429_6,0.712608987,0.908283032,0.253353454,1.922367539,3.242622401,0.184942991,Ts65Dn,Memantine,C/S,t-CS-m
3429_7,0.629769299,0.741792369,0.235359361,1.795031056,2.77284827,0.187888199,Ts65Dn,Memantine,C/S,t-CS-m
3429_8,0.682577566,0.73117813,0.240833153,1.719027989,2.654154914,0.188327186,Ts65Dn,Memantine,C/S,t-CS-m
3429_9,0.697576162,0.737825217,0.25594841,1.755392484,2.729597509,0.203468979,Ts65Dn,Memantine,C/S,t-CS-m
3429_10,0.6327057,0.677585762,0.29687903,1.696672685,2.573123549,0.193964405,Ts65Dn,Memantine,C/S,t-CS-m
3429_11,0.62566709,0.686404066,0.240914867,1.688691233,2.503684879,0.192121982,Ts65Dn,Memantine,C/S,t-CS-m
3429_12,0.590007726,0.765130054,0.241050734,1.711820757,2.582024208,0.219675509,Ts65Dn,Memantine,C/S,t-CS-m
3429_13,0.489164087,0.644807205,0.275541796,1.520123839,2.213340839,0.181255277,Ts65Dn,Memantine,C/S,t-CS-m
3429_14,0.538779121,0.627248599,0.23562371,1.572692421,2.252727809,0.189029785,Ts65Dn,Memantine,C/S,t-CS-m
3429_15,0.5085554,0.614586255,0.227769986,1.509677419,2.204207574,0.178681627,Ts65Dn,Memantine,C/S,t-CS-m
3504_1,0.992220227,1.151506084,0.319868342,2.485338121,4.102832635,0.178635548,Ts65Dn,Memantine,C/S,t-CS-m
3504_2,0.928896811,1.061695385,0.311150723,2.448900772,4.001485443,0.175282234,Ts65Dn,Memantine,C/S,t-CS-m
3504_3,0.957687153,1.097645032,0.323281639,2.424851618,3.816101857,0.174516561,Ts65Dn,Memantine,C/S,t-CS-m
3504_4,0.887376701,0.972655762,0.301410913,2.263953053,3.646148083,0.18441753,Ts65Dn,Memantine,C/S,t-CS-m
3504_5,0.713779191,1.007702653,0.286098545,2.239515833,3.423279129,0.17850593,Ts65Dn,Memantine,C/S,t-CS-m
3504_6,0.836870831,0.988841722,0.279078229,2.242328684,3.285506367,0.174408733,Ts65Dn,Memantine,C/S,t-CS-m
3504_7,0.750715512,0.934029765,0.274184316,2.114195764,3.283485976,0.178162564,Ts65Dn,Memantine,C/S,t-CS-m
3504_8,0.743111606,0.905093237,0.264681325,2.078207626,3.014472586,0.1703312,Ts65Dn,Memantine,C/S,t-CS-m
3504_9,0.702003878,0.845378151,0.26981254,1.962249515,2.83956044,0.175048481,Ts65Dn,Memantine,C/S,t-CS-m
3504_10,0.676784249,0.743724364,0.303199344,1.985233798,2.945365053,0.179163249,Ts65Dn,Memantine,C/S,t-CS-m
3504_11,0.620656525,0.850280224,0.248358687,1.944435548,2.798398719,0.169095276,Ts65Dn,Memantine,C/S,t-CS-m
3504_12,0.657391048,0.730418139,0.261925795,1.850853946,2.544169611,0.15753828,Ts65Dn,Memantine,C/S,t-CS-m
3504_13,0.647732002,0.677070329,0.24968789,1.687265918,2.325634623,0.181856013,Ts65Dn,Memantine,C/S,t-CS-m
3504_14,0.567562267,0.702098451,0.232790743,1.616395372,2.150813885,0.15807021,Ts65Dn,Memantine,C/S,t-CS-m
3504_15,0.490716673,0.592461938,0.213702191,1.540846639,2.053286298,0.152432232,Ts65Dn,Memantine,C/S,t-CS-m
3505_1,0.917992093,1.336397904,0.466672796,3.100855015,5.783028409,0.220649076,Ts65Dn,Memantine,C/S,t-CS-m
3505_2,0.945885309,1.29875258,0.445840438,2.937987975,5.585748901,0.216010051,Ts65Dn,Memantine,C/S,t-CS-m
3505_3,0.945123015,1.200488571,0.432995987,2.870615948,5.406735299,0.213226313,Ts65Dn,Memantine,C/S,t-CS-m
3505_4,0.814390744,1.124141256,0.388574183,2.632156201,4.972038086,0.233939978,Ts65Dn,Memantine,C/S,t-CS-m
3505_5,0.796207393,1.052328373,0.381541047,2.596735478,4.652184349,0.230676908,Ts65Dn,Memantine,C/S,t-CS-m
3505_6,0.861265523,1.039503253,0.378001183,2.55836783,4.57125961,0.22613838,Ts65Dn,Memantine,C/S,t-CS-m
3505_7,0.808938878,1.042622466,0.376350451,2.54417641,4.725765872,0.247003108,Ts65Dn,Memantine,C/S,t-CS-m
3505_8,0.784335982,0.900113507,0.36123723,2.42068672,4.383087401,0.239784336,Ts65Dn,Memantine,C/S,t-CS-m
3505_9,0.646110057,0.936297099,0.348197343,2.378422337,3.972756845,0.223502304,Ts65Dn,Memantine,C/S,t-CS-m
3505_10,0.623297241,0.885260217,0.32745372,2.281348236,4.094306671,0.227383863,Ts65Dn,Memantine,C/S,t-CS-m
3505_11,0.718597506,0.85938912,0.332911621,2.332730887,3.814386409,0.249051148,Ts65Dn,Memantine,C/S,t-CS-m
3505_12,0.613746857,0.840737636,0.314333613,2.194300084,3.499413244,0.229505448,Ts65Dn,Memantine,C/S,t-CS-m
3505_13,0.64516129,0.856832186,0.326748822,2.187205509,3.7232693,0.227981153,Ts65Dn,Memantine,C/S,t-CS-m
3505_14,0.599744944,0.805064675,0.321734378,2.179449809,3.793769357,0.238841319,Ts65Dn,Memantine,C/S,t-CS-m
3505_15,0.619073084,0.840106952,0.318716578,2.132620321,3.704456328,0.232442068,Ts65Dn,Memantine,C/S,t-CS-m
3522_1,0.713212025,1.077531646,0.415446994,3.046875,5.546973892,0.218651108,Ts65Dn,Memantine,C/S,t-CS-m
3522_2,0.751167,1.043822044,0.390778318,2.868248071,5.130132419,0.214537487,Ts65Dn,Memantine,C/S,t-CS-m
3522_3,0.758857798,1.053672047,0.38410849,2.867443415,5.053385541,0.216693726,Ts65Dn,Memantine,C/S,t-CS-m
3522_4,0.551741294,0.772761194,0.344278607,2.437810945,4.533457711,0.212686567,Ts65Dn,Memantine,C/S,t-CS-m
3522_5,0.612544759,0.848252871,0.342264477,2.359797506,3.996295839,0.215211755,Ts65Dn,Memantine,C/S,t-CS-m
3522_6,0.57797946,0.838309052,0.324337234,2.321112969,4.141748268,0.20277048,Ts65Dn,Memantine,C/S,t-CS-m
3522_7,0.595567867,0.790785829,0.319142732,2.243913107,4.154104097,0.213296399,Ts65Dn,Memantine,C/S,t-CS-m
3522_8,0.513900956,0.807413843,0.309006661,2.232551405,3.817694758,0.216623226,Ts65Dn,Memantine,C/S,t-CS-m
3522_9,0.569611503,0.71312042,0.294898382,2.132863266,3.787086963,0.200331813,Ts65Dn,Memantine,C/S,t-CS-m
3522_10,0.578980623,0.722620051,0.330665543,2.375105307,4.209351306,0.27274642,Ts65Dn,Memantine,C/S,t-CS-m
3522_11,0.555489614,0.713155292,0.317111771,2.150939664,3.629673591,0.255192878,Ts65Dn,Memantine,C/S,t-CS-m
3522_12,0.526943726,0.679459137,0.322330483,2.194273215,3.738914297,0.231059853,Ts65Dn,Memantine,C/S,t-CS-m
3522_13,0.570857286,0.717570607,0.326418395,2.269182704,3.827043239,0.274931267,Ts65Dn,Memantine,C/S,t-CS-m
3522_14,0.483457124,0.636506865,0.290119289,2.019131218,3.21156876,0.236776953,Ts65Dn,Memantine,C/S,t-CS-m
3522_15,0.481111903,0.665478736,0.360893324,2.097172725,3.537894987,0.245664053,Ts65Dn,Memantine,C/S,t-CS-m
361_1,0.525159667,0.786626669,0.41784401,2.947164699,5.365686085,0.215211922,Ts65Dn,Memantine,C/S,t-CS-m
361_2,0.515455875,0.754168698,0.418137494,2.96050707,5.337298879,0.213066797,Ts65Dn,Memantine,C/S,t-CS-m
361_3,0.51733308,0.742805585,0.414949188,2.887263748,5.376958875,0.218159369,Ts65Dn,Memantine,C/S,t-CS-m
361_4,0.464629817,0.66658215,0.377915822,2.701698783,4.782074037,0.234533469,Ts65Dn,Memantine,C/S,t-CS-m
361_5,0.466666667,0.68984375,0.390885417,2.6703125,5.059375,0.238802083,Ts65Dn,Memantine,C/S,t-CS-m
361_6,0.481457385,0.680676643,0.387638256,2.757709824,5.200910865,0.240728692,Ts65Dn,Memantine,C/S,t-CS-m
361_7,0.416061925,0.598451863,0.344299307,2.4771811,4.595549105,0.239638768,Ts65Dn,Memantine,C/S,t-CS-m
361_8,0.426573427,0.606440072,0.351439258,2.526914946,4.521710847,0.246056269,Ts65Dn,Memantine,C/S,t-CS-m
361_9,0.430107527,0.598197343,0.345825427,2.478810879,4.509803922,0.238614801,Ts65Dn,Memantine,C/S,t-CS-m
361_10,0.412220961,0.575482406,0.335981839,2.225879682,3.667990919,0.231176693,Ts65Dn,Memantine,C/S,t-CS-m
361_11,0.397928437,0.553483992,0.331450094,2.256685499,3.959698682,0.248399247,Ts65Dn,Memantine,C/S,t-CS-m
361_12,0.417036038,0.584891116,0.365002891,2.30815186,4.015609944,0.243592214,Ts65Dn,Memantine,C/S,t-CS-m
361_13,0.492463442,0.556805399,0.324859393,2.165129359,3.456692913,0.24791901,Ts65Dn,Memantine,C/S,t-CS-m
361_14,0.423413063,0.556117755,0.331876725,2.213431463,3.556577737,0.249080037,Ts65Dn,Memantine,C/S,t-CS-m
361_15,0.406686512,0.583008931,0.329745821,2.245019464,3.491183879,0.257384932,Ts65Dn,Memantine,C/S,t-CS-m
363_1,0.787210825,1.085552161,0.34209952,2.626909646,4.110323003,0.217154081,Ts65Dn,Memantine,C/S,t-CS-m
363_2,0.862424764,1.071259673,0.342218401,2.545786758,4.052880482,0.227858985,Ts65Dn,Memantine,C/S,t-CS-m
363_3,0.774383592,1.046803404,0.353698451,2.586188086,4.151429195,0.222779839,Ts65Dn,Memantine,C/S,t-CS-m
363_4,0.687778897,0.942133295,0.311645315,2.287030373,3.606880668,0.223693681,Ts65Dn,Memantine,C/S,t-CS-m
363_5,0.666568135,0.95876441,0.325450783,2.364912799,3.572716524,0.228495418,Ts65Dn,Memantine,C/S,t-CS-m
363_6,0.694370722,0.918983098,0.310937282,2.292778321,3.506076268,0.259533454,Ts65Dn,Memantine,C/S,t-CS-m
363_7,0.715018037,0.925954054,0.338902601,2.373457376,3.55686349,0.250806911,Ts65Dn,Memantine,C/S,t-CS-m
363_8,0.667406996,0.865630205,0.330186933,2.359429946,3.470664446,0.241532482,Ts65Dn,Memantine,C/S,t-CS-m
363_9,0.643166246,0.907500902,0.315903354,2.317526145,3.415073927,0.239271547,Ts65Dn,Memantine,C/S,t-CS-m
363_10,0.629817678,0.807523656,0.321024694,2.15531964,3.016385876,0.273713363,Ts65Dn,Memantine,C/S,t-CS-m
363_11,0.600938967,0.837323944,0.359624413,2.194366197,3.124178404,0.245305164,Ts65Dn,Memantine,C/S,t-CS-m
363_12,0.65051081,0.800665241,0.328581611,2.291518175,3.08030411,0.263958185,Ts65Dn,Memantine,C/S,t-CS-m
363_13,0.616950098,0.763590744,0.350989685,2.120713688,2.682743239,0.274881517,Ts65Dn,Memantine,C/S,t-CS-m
363_14,0.590333717,0.791139241,0.331990794,2.174913694,3.023878021,0.28164557,Ts65Dn,Memantine,C/S,t-CS-m
363_15,0.621177149,0.819965378,0.354010387,2.194171956,2.889786497,0.271206001,Ts65Dn,Memantine,C/S,t-CS-m
18899_1,0.506199732,0.696045576,0.316018767,2.204591153,4.154323056,0.254859249,Ts65Dn,Saline,C/S,t-CS-s
18899_2,0.523760331,0.746212121,0.324896694,2.285640496,4.32231405,0.268767218,Ts65Dn,Saline,C/S,t-CS-s
18899_3,0.51861167,0.73323273,0.356136821,2.330147552,4.631455399,0.272468142,Ts65Dn,Saline,C/S,t-CS-s
18899_4,0.436986301,0.626614481,0.295107632,2.008023483,3.605088063,0.258317025,Ts65Dn,Saline,C/S,t-CS-s
18899_5,0.505599336,0.719825798,0.314599751,2.194110328,3.908544173,0.281833264,Ts65Dn,Saline,C/S,t-CS-s
18899_6,0.474593292,0.702149026,0.326169914,2.174733882,3.998393252,0.276762402,Ts65Dn,Saline,C/S,t-CS-s
18899_7,0.395155545,0.561861791,0.270482071,1.912609831,3.281168369,0.269057231,Ts65Dn,Saline,C/S,t-CS-s
18899_8,0.404483431,0.591861598,0.26754386,2.019249513,3.473196881,0.276803119,Ts65Dn,Saline,C/S,t-CS-s
18899_9,0.40806529,0.607777244,0.308209313,2.096975516,3.567930869,0.293807009,Ts65Dn,Saline,C/S,t-CS-s
18899_10,0.367553866,0.519011407,0.267427123,1.878010139,2.773764259,0.275665399,Ts65Dn,Saline,C/S,t-CS-s
18899_11,0.368455285,0.550894309,0.276097561,1.929105691,2.89300813,0.28097561,Ts65Dn,Saline,C/S,t-CS-s
18899_12,0.376694642,0.534215623,0.29535184,1.996772111,2.990961911,0.28663654,Ts65Dn,Saline,C/S,t-CS-s
18899_13,0.381559767,0.547740525,0.292274052,1.909620991,2.709912536,0.30648688,Ts65Dn,Saline,C/S,t-CS-s
18899_14,0.391991183,0.555106539,0.286921381,1.939382807,2.814474651,0.324761205,Ts65Dn,Saline,C/S,t-CS-s
18899_15,0.366010733,0.574955277,0.290876565,1.921288014,2.798926655,0.3019678,Ts65Dn,Saline,C/S,t-CS-s
3476_1,0.526969902,0.868870477,0.352553263,2.693523842,4.075160636,0.239093676,Ts65Dn,Saline,C/S,t-CS-s
3476_2,0.55318967,0.857961348,0.347528647,2.630494271,4.125534462,0.224132034,Ts65Dn,Saline,C/S,t-CS-s
3476_3,0.544262295,0.902791316,0.370934869,2.642268498,4.5590607,0.253079309,Ts65Dn,Saline,C/S,t-CS-s
3476_4,0.425799746,0.704007391,0.300496593,2.129922624,3.277630211,0.228663818,Ts65Dn,Saline,C/S,t-CS-s
3476_5,0.442892358,0.732010799,0.29487029,2.133348985,3.324568611,0.224674258,Ts65Dn,Saline,C/S,t-CS-s
3476_6,0.457482585,0.728561134,0.304107615,2.213547922,3.558131155,0.234085996,Ts65Dn,Saline,C/S,t-CS-s
3476_7,0.438651138,0.710455038,0.291847237,2.15804442,3.184588299,0.257990249,Ts65Dn,Saline,C/S,t-CS-s
3476_8,0.426918308,0.700785232,0.302107728,2.180741149,3.463837994,0.259953162,Ts65Dn,Saline,C/S,t-CS-s
3476_9,0.617111731,0.68779062,0.292148266,2.113192507,3.393250963,0.237013418,Ts65Dn,Saline,C/S,t-CS-s
3476_10,0.385826772,0.593951324,0.332319256,2.110415175,2.957945598,0.252505369,Ts65Dn,Saline,C/S,t-CS-s
3476_11,0.362542647,0.615191237,0.301669959,2.063386604,2.841443706,0.253905549,Ts65Dn,Saline,C/S,t-CS-s
3476_12,0.324104235,0.552117264,0.288273616,1.905863192,2.654723127,0.228338762,Ts65Dn,Saline,C/S,t-CS-s
3476_13,0.442971339,0.564827452,0.282316241,1.932930396,2.564047573,0.243127315,Ts65Dn,Saline,C/S,t-CS-s
3476_14,0.427474747,0.609090909,0.284848485,2.009090909,2.598989899,0.246666667,Ts65Dn,Saline,C/S,t-CS-s
3476_15,0.392589889,0.521628034,0.289833911,1.792297865,2.359737178,0.218288009,Ts65Dn,Saline,C/S,t-CS-s
3483_1,0.523507564,0.860404022,0.355557569,2.433010236,4.030709303,0.185886403,Ts65Dn,Saline,C/S,t-CS-s
3483_2,0.522842189,0.852922913,0.337886987,2.343386854,4.015523818,0.181850439,Ts65Dn,Saline,C/S,t-CS-s
3483_3,0.528320141,0.836851363,0.346877748,2.456112577,3.918997361,0.179331574,Ts65Dn,Saline,C/S,t-CS-s
3483_4,0.444394162,0.710940152,0.294829732,2.068672927,3.228306369,0.176829958,Ts65Dn,Saline,C/S,t-CS-s
3483_5,0.435862227,0.71873212,0.288591372,2.035587596,3.275431972,0.178052409,Ts65Dn,Saline,C/S,t-CS-s
3483_6,0.447674419,0.709883721,0.294651163,2.076860465,3.398023256,0.181162791,Ts65Dn,Saline,C/S,t-CS-s
3483_7,0.435215054,0.680107527,0.285349462,1.979973118,3.070295699,0.175,Ts65Dn,Saline,C/S,t-CS-s
3483_8,0.416655634,0.655633523,0.271282934,1.969416126,3.038262942,0.173573415,Ts65Dn,Saline,C/S,t-CS-s
3483_9,0.432090456,0.685960425,0.279176201,1.99380805,3.123973617,0.180643424,Ts65Dn,Saline,C/S,t-CS-s
3483_10,0.423789174,0.591702279,0.25462963,1.83048433,2.650106838,0.183582621,Ts65Dn,Saline,C/S,t-CS-s
3483_11,0.387130988,0.569383065,0.259678275,1.815273113,2.642036415,0.184019798,Ts65Dn,Saline,C/S,t-CS-s
3483_12,0.375280899,0.584961106,0.247709594,1.780466724,2.591702679,0.17355229,Ts65Dn,Saline,C/S,t-CS-s
3483_13,0.439808345,0.604711519,0.24376123,1.793970852,2.506687962,0.178279098,Ts65Dn,Saline,C/S,t-CS-s
3483_14,0.425365854,0.587121951,0.24195122,1.740878049,2.48897561,0.173073171,Ts65Dn,Saline,C/S,t-CS-s
3483_15,0.38538206,0.590775845,0.239984366,1.739886652,2.510455345,0.168653508,Ts65Dn,Saline,C/S,t-CS-s
3498_1,0.787914003,1.119407321,0.320743754,2.302827813,4.17606043,0.174801472,Ts65Dn,Saline,C/S,t-CS-s
3498_2,0.842680986,1.051809865,0.33959825,2.334526651,4.295942721,0.171837709,Ts65Dn,Saline,C/S,t-CS-s
3498_3,0.880698548,1.065387349,0.339729922,2.308457711,4.363894812,0.176972281,Ts65Dn,Saline,C/S,t-CS-s
3498_4,0.878349022,1.036809076,0.289645185,2.064687425,3.713492638,0.178976587,Ts65Dn,Saline,C/S,t-CS-s
3498_5,0.842452208,1.145550428,0.324456163,2.280158207,3.777455504,0.189716546,Ts65Dn,Saline,C/S,t-CS-s
3498_6,0.941414934,1.165424349,0.322087093,2.250948084,3.720282464,0.188962992,Ts65Dn,Saline,C/S,t-CS-s
3498_7,0.824637681,1.004991948,0.268760064,2.101449275,3.27037037,0.187439614,Ts65Dn,Saline,C/S,t-CS-s
3498_8,0.838115774,1.034168187,0.287444021,2.110963676,3.346491956,0.191905789,Ts65Dn,Saline,C/S,t-CS-s
3498_9,0.818823529,0.994285714,0.290756303,2.120336134,3.685210084,0.202689076,Ts65Dn,Saline,C/S,t-CS-s
3498_10,0.743142145,0.839056206,0.24515634,1.838480721,2.917130251,0.19106081,Ts65Dn,Saline,C/S,t-CS-s
3498_11,0.754728493,0.875533862,0.266422615,1.968476713,2.971934106,0.195241001,Ts65Dn,Saline,C/S,t-CS-s
3498_12,0.718855932,0.93559322,0.28220339,2.070974576,3.163559322,0.216313559,Ts65Dn,Saline,C/S,t-CS-s
3498_13,0.674397859,0.801070473,0.254906334,1.861730598,2.691347012,0.199598573,Ts65Dn,Saline,C/S,t-CS-s
3498_14,0.759660697,0.912582469,0.262723845,1.926720075,2.988925542,0.200282752,Ts65Dn,Saline,C/S,t-CS-s
3498_15,0.713425513,0.805307761,0.265834077,1.860392507,2.822033898,0.205842997,Ts65Dn,Saline,C/S,t-CS-s
50810B_1,0.690987124,0.969957082,0.342748777,2.61772632,4.649765446,0.165285957,Ts65Dn,Saline,C/S,t-CS-s
50810B_2,0.704525022,0.962141644,0.343921686,2.618719409,4.739986015,0.170112876,Ts65Dn,Saline,C/S,t-CS-s
50810B_3,0.665815826,0.923817004,0.337325741,2.607500491,4.76919301,0.16964461,Ts65Dn,Saline,C/S,t-CS-s
50810B_4,0.596245955,0.821877023,0.304595469,2.377734628,4.168802589,0.175533981,Ts65Dn,Saline,C/S,t-CS-s
50810B_5,0.58123338,0.805369128,0.295302013,2.322274281,4.149930353,0.173610232,Ts65Dn,Saline,C/S,t-CS-s
50810B_6,0.576347305,0.800773453,0.292914172,2.264595808,4.184381238,0.178143713,Ts65Dn,Saline,C/S,t-CS-s
50810B_7,0.554536521,0.746642647,0.278250901,2.174582378,3.601703243,0.200131019,Ts65Dn,Saline,C/S,t-CS-s
50810B_8,0.554878049,0.748555841,0.271983312,2.144255456,3.671534018,0.183087291,Ts65Dn,Saline,C/S,t-CS-s
50810B_9,0.721025139,0.767548155,0.290728044,2.149200131,3.760855371,0.213026445,Ts65Dn,Saline,C/S,t-CS-s
50810B_10,0.483454851,0.652271453,0.255748738,1.936623668,3.149373715,0.190876799,Ts65Dn,Saline,C/S,t-CS-s
50810B_11,0.471245718,0.631332252,0.247881738,1.87236344,3.117901568,0.173427078,Ts65Dn,Saline,C/S,t-CS-s
50810B_12,0.489420423,0.64949402,0.258141674,1.946642134,3.232014719,0.201839926,Ts65Dn,Saline,C/S,t-CS-s
50810B_13,0.454020221,0.633124699,0.245064998,1.843283582,2.783100626,0.202696196,Ts65Dn,Saline,C/S,t-CS-s
50810B_14,0.451401869,0.631308411,0.245794393,1.810981308,2.760747664,0.198598131,Ts65Dn,Saline,C/S,t-CS-s
50810B_15,0.474926254,0.601089176,0.242114817,1.791014295,2.749262537,0.202859088,Ts65Dn,Saline,C/S,t-CS-s
50810C_1,0.583922694,0.962747707,0.442335971,2.883551572,4.420138646,0.196414817,Ts65Dn,Saline,C/S,t-CS-s
50810C_2,0.600599743,1.047693845,0.441596459,2.923104384,4.507068399,0.199771526,Ts65Dn,Saline,C/S,t-CS-s
50810C_3,0.577069887,0.980428899,0.464848359,2.995766535,4.380387258,0.201540704,Ts65Dn,Saline,C/S,t-CS-s
50810C_4,0.52425161,0.893899204,0.373247442,2.557313376,4.331849185,0.209738537,Ts65Dn,Saline,C/S,t-CS-s
50810C_5,0.509837631,0.900191022,0.381948424,2.662082139,4.28061127,0.213467049,Ts65Dn,Saline,C/S,t-CS-s
50810C_6,0.507273405,0.880082059,0.374207385,2.533196568,1.991141365,0.209716524,Ts65Dn,Saline,C/S,t-CS-s
50810C_7,0.452180028,0.793248945,0.33790436,2.45241444,4.013478669,0.211204876,Ts65Dn,Saline,C/S,t-CS-s
50810C_8,0.470532093,0.819374851,0.341565259,2.437842997,3.868289191,0.20949654,Ts65Dn,Saline,C/S,t-CS-s
50810C_9,0.466737816,0.822957429,0.342226965,2.498280564,4.132811574,0.212735681,Ts65Dn,Saline,C/S,t-CS-s
50810C_10,0.428082724,0.749028145,0.312548593,2.28487016,3.634737988,0.217384544,Ts65Dn,Saline,C/S,t-CS-s
50810C_11,0.441585424,0.761387246,0.301582228,2.342336583,3.844334346,0.225986895,Ts65Dn,Saline,C/S,t-CS-s
50810C_12,0.413541825,0.734173372,0.30803097,2.244724457,3.817822985,0.216031577,Ts65Dn,Saline,C/S,t-CS-s
50810C_13,0.408263901,0.694099643,0.294337698,2.139091991,3.393300459,0.222411155,Ts65Dn,Saline,C/S,t-CS-s
50810C_14,0.423482621,0.734912675,0.285146118,2.180356216,3.261801833,0.20888812,Ts65Dn,Saline,C/S,t-CS-s
50810C_15,0.456493863,0.769188496,0.309030958,2.316541491,3.5574281,0.245466203,Ts65Dn,Saline,C/S,t-CS-s
50810E_1,0.573991828,0.93311423,0.376709895,2.629863208,4.490939776,0.203855036,Ts65Dn,Saline,C/S,t-CS-s
50810E_2,0.611698818,0.926926838,0.383856343,2.578540315,4.336474353,0.203395857,Ts65Dn,Saline,C/S,t-CS-s
50810E_3,0.611508836,0.931128228,0.386225646,2.721975532,4.757589488,0.210149524,Ts65Dn,Saline,C/S,t-CS-s
50810E_4,0.537875952,0.80581555,0.333832522,2.341819543,3.794583801,0.211780856,Ts65Dn,Saline,C/S,t-CS-s
50810E_5,0.627634368,0.78077067,0.331712184,2.299912707,3.990896621,0.211497693,Ts65Dn,Saline,C/S,t-CS-s
50810E_6,0.593167313,0.771743211,0.330872231,2.34351145,3.839444375,0.208734827,Ts65Dn,Saline,C/S,t-CS-s
50810E_7,0.451539165,0.677384944,0.299756172,2.125114294,3.572691253,0.207711064,Ts65Dn,Saline,C/S,t-CS-s
50810E_8,0.517765685,0.71846991,0.306177977,2.233034571,3.695582586,0.219430218,Ts65Dn,Saline,C/S,t-CS-s
50810E_9,0.489535799,0.704956727,0.305586153,2.220456334,3.640912667,0.209913454,Ts65Dn,Saline,C/S,t-CS-s
50810E_10,0.418501529,0.667889908,0.29617737,2.193272171,3.573394495,0.19266055,Ts65Dn,Saline,C/S,t-CS-s
50810E_11,0.419344822,0.643688868,0.2906381,2.266884024,3.724421674,0.196863841,Ts65Dn,Saline,C/S,t-CS-s
50810E_12,0.439346812,0.658009331,0.296423017,2.231570762,3.67651633,0.205598756,Ts65Dn,Saline,C/S,t-CS-s
50810E_13,0.435826408,0.674053555,0.278855032,2.071468144,3.322622345,0.208864266,Ts65Dn,Saline,C/S,t-CS-s
50810E_14,0.424568566,0.659862683,0.276118018,2.081833364,3.193542401,0.229356096,Ts65Dn,Saline,C/S,t-CS-s
50810E_15,0.478822412,0.6662868,0.290978158,2.147198481,3.268945869,0.224121557,Ts65Dn,Saline,C/S,t-CS-s
293_1,0.364727273,0.649212121,0.333575758,2.670424242,4.657333333,0.263272727,Ts65Dn,Memantine,S/C,t-SC-m
293_2,0.31569446,0.613674828,0.301703712,2.490127496,4.046711046,0.242694347,Ts65Dn,Memantine,S/C,t-SC-m
293_3,0.322291159,0.59616663,0.296144472,2.439286506,3.895413251,0.238533127,Ts65Dn,Memantine,S/C,t-SC-m
293_4,0.311808118,0.583167755,0.313085439,2.391143911,3.937553222,0.244252058,Ts65Dn,Memantine,S/C,t-SC-m
293_5,0.305025997,0.589832467,0.302281918,2.454650491,3.894858463,0.252166378,Ts65Dn,Memantine,S/C,t-SC-m
293_6,0.28372093,0.559097127,0.283994528,2.32120383,3.685088919,0.242681259,Ts65Dn,Memantine,S/C,t-SC-m
293_7,0.272600349,0.535951134,0.302443281,2.378359511,3.683769634,0.259162304,Ts65Dn,Memantine,S/C,t-SC-m
293_8,0.248980258,0.515907978,0.279164627,2.229564366,3.390438897,0.233643335,Ts65Dn,Memantine,S/C,t-SC-m
293_9,0.255256242,0.518396846,0.296649146,2.24195138,3.432490145,0.249671485,Ts65Dn,Memantine,S/C,t-SC-m
293_10,0.259435919,0.511198673,0.278100373,2.164869349,3.293654085,0.26171713,Ts65Dn,Memantine,S/C,t-SC-m
293_11,0.226645004,0.490251828,0.270511779,2.113119415,3.097887896,0.264419171,Ts65Dn,Memantine,S/C,t-SC-m
293_12,0.226490596,0.478991597,0.274509804,2.087635054,2.906162465,0.259303721,Ts65Dn,Memantine,S/C,t-SC-m
293_13,0.227418164,0.444006891,0.310115678,2.093034703,2.882599065,0.273935516,Ts65Dn,Memantine,S/C,t-SC-m
293_14,0.191463996,0.443252265,0.262756319,1.998092513,2.582260372,0.261087268,Ts65Dn,Memantine,S/C,t-SC-m
293_15,0.209521448,0.461939003,0.29407389,2.100917431,2.607736177,0.287379122,Ts65Dn,Memantine,S/C,t-SC-m
3411_1,0.349903939,0.622958694,0.34414025,2.775936599,5.471661864,0.249879923,Ts65Dn,Memantine,S/C,t-SC-m
3411_2,0.340884703,0.62811494,0.328603792,2.704661977,5.296649577,0.244902826,Ts65Dn,Memantine,S/C,t-SC-m
3411_3,0.347139819,0.603604612,0.311877309,2.356878988,4.719579089,0.235195343,Ts65Dn,Memantine,S/C,t-SC-m
3411_4,0.308720209,0.556137209,0.31560821,2.450613032,4.406943105,0.260641962,Ts65Dn,Memantine,S/C,t-SC-m
3411_5,0.317157215,0.585498923,0.319454415,2.521751615,4.650107681,0.23833453,Ts65Dn,Memantine,S/C,t-SC-m
3411_6,0.286101782,0.529062258,0.288943425,2.253552054,4.067811935,0.216223198,Ts65Dn,Memantine,S/C,t-SC-m
3411_7,0.295752762,0.521926796,0.316298343,2.378970994,4.236705801,0.25086326,Ts65Dn,Memantine,S/C,t-SC-m
3411_8,0.294584107,0.529778978,0.307069344,2.337438839,4.084528429,0.243462122,Ts65Dn,Memantine,S/C,t-SC-m
3411_9,0.284056102,0.510720619,0.282927616,2.181202644,3.853941641,0.227309366,Ts65Dn,Memantine,S/C,t-SC-m
3411_10,0.282061526,0.482620855,0.295844986,2.189972034,3.363763484,0.237115461,Ts65Dn,Memantine,S/C,t-SC-m
3411_11,0.278591215,0.488326078,0.295211713,2.094974278,3.440047487,0.239810051,Ts65Dn,Memantine,S/C,t-SC-m
3411_12,0.288450264,0.515536447,0.286300567,2.043971077,3.312487786,0.218682822,Ts65Dn,Memantine,S/C,t-SC-m
3411_13,0.264373124,0.451858693,0.307088432,2.07850381,3.149157239,0.238513045,Ts65Dn,Memantine,S/C,t-SC-m
3411_14,0.268903592,0.473771267,0.303402647,2.108695652,3.184073724,0.273393195,Ts65Dn,Memantine,S/C,t-SC-m
3411_15,0.257819687,0.466881325,0.298298068,2.015869365,3.039328427,0.235970561,Ts65Dn,Memantine,S/C,t-SC-m
3418_1,0.330477356,0.567581745,0.355306872,2.735093548,4.751005421,0.253365973,Ts65Dn,Memantine,S/C,t-SC-m
3418_2,0.324465398,0.536453948,0.333894595,2.618117528,4.626873211,0.243306954,Ts65Dn,Memantine,S/C,t-SC-m
3418_3,0.30016,0.51216,0.32032,2.41296,4.0896,0.22848,Ts65Dn,Memantine,S/C,t-SC-m
3418_4,0.309139235,0.512574116,0.347986097,2.524023717,4.139848702,0.244326314,Ts65Dn,Memantine,S/C,t-SC-m
3418_5,0.304793118,0.515977059,0.37013519,2.443875461,3.955141336,0.253174928,Ts65Dn,Memantine,S/C,t-SC-m
3418_6,0.286352165,0.481459911,0.312560668,2.305571734,3.874005048,0.223451757,Ts65Dn,Memantine,S/C,t-SC-m
3418_7,0.28725755,0.473361159,0.328750307,2.387429413,3.449791309,0.245764793,Ts65Dn,Memantine,S/C,t-SC-m
3418_8,0.356881214,0.498953428,0.347462062,2.397697541,3.580586081,0.281266353,Ts65Dn,Memantine,S/C,t-SC-m
3418_9,0.264327485,0.444678363,0.287719298,2.12,3.263157895,0.241169591,Ts65Dn,Memantine,S/C,t-SC-m
3418_10,0.250610252,0.40981828,0.31787361,1.968538107,2.791429346,0.225657716,Ts65Dn,Memantine,S/C,t-SC-m
3418_11,0.27130887,0.442068766,0.319849754,2.097370702,2.899451026,0.239815082,Ts65Dn,Memantine,S/C,t-SC-m
3418_12,0.265762171,0.398244214,0.295291301,1.913008779,2.715349827,0.253790902,Ts65Dn,Memantine,S/C,t-SC-m
3418_13,0.263079223,0.390732436,0.294469357,1.843049327,2.552167414,0.235575486,Ts65Dn,Memantine,S/C,t-SC-m
3418_14,0.251702786,0.376160991,0.307430341,1.920433437,2.49380805,0.239318885,Ts65Dn,Memantine,S/C,t-SC-m
3418_15,0.252289233,0.402904957,0.303125987,1.918850647,2.520682033,0.222923903,Ts65Dn,Memantine,S/C,t-SC-m
3501_1,0.342508324,0.71054384,0.362708102,2.79145394,5.502663707,0.263152053,Ts65Dn,Memantine,S/C,t-SC-m
3501_2,0.34324204,0.70329548,0.363838789,2.860164774,5.63905589,0.264195057,Ts65Dn,Memantine,S/C,t-SC-m
3501_3,0.342134093,0.707274321,0.370070114,2.892638037,6.492659947,0.276730938,Ts65Dn,Memantine,S/C,t-SC-m
3501_4,0.32630854,0.653168044,0.349724518,2.728236915,5.089393939,0.262396694,Ts65Dn,Memantine,S/C,t-SC-m
3501_5,0.332271027,0.660523763,0.353193848,2.832201746,5.197311902,0.268809755,Ts65Dn,Memantine,S/C,t-SC-m
3501_6,0.335847504,0.675671969,0.378771256,2.825287987,5.92402633,0.300877674,Ts65Dn,Memantine,S/C,t-SC-m
3501_7,0.304788056,0.617298782,0.335163892,2.638235799,4.87660889,0.280590355,Ts65Dn,Memantine,S/C,t-SC-m
3501_8,0.30227882,0.623156836,0.345006702,2.629859249,4.593163539,0.283847185,Ts65Dn,Memantine,S/C,t-SC-m
3501_9,0.298825503,0.627516779,0.348993289,2.665436242,5.242281879,0.290771812,Ts65Dn,Memantine,S/C,t-SC-m
3501_10,0.301658449,0.611385029,0.321604662,2.430300314,4.085387719,0.317794711,Ts65Dn,Memantine,S/C,t-SC-m
3501_11,0.326462766,0.619237589,0.328235816,2.432402482,3.945257092,0.279920213,Ts65Dn,Memantine,S/C,t-SC-m
3501_12,0.344929513,0.626193724,0.383583447,2.534561164,4.097316962,0.303547067,Ts65Dn,Memantine,S/C,t-SC-m
3501_13,0.28934276,0.582089552,0.349829798,2.398795496,3.786855198,0.320764598,Ts65Dn,Memantine,S/C,t-SC-m
3501_14,0.351955307,0.60415004,0.378558127,2.457302474,3.810055866,0.316307529,Ts65Dn,Memantine,S/C,t-SC-m
3501_15,0.316243929,0.615488397,0.364004317,2.565569347,3.677280086,0.328116568,Ts65Dn,Memantine,S/C,t-SC-m
3502_1,0.281035689,0.563610917,0.376906928,2.528481456,4.990762771,0.280895731,Ts65Dn,Memantine,S/C,t-SC-m
3502_2,0.293219129,0.578158458,0.405281941,2.686509636,5.411991435,0.293076374,Ts65Dn,Memantine,S/C,t-SC-m
3502_3,0.308938468,0.58675572,0.397754725,2.673014068,6.215859031,0.299985789,Ts65Dn,Memantine,S/C,t-SC-m
3502_4,0.282781809,0.568748894,0.360998053,2.524685896,4.791010441,0.295699876,Ts65Dn,Memantine,S/C,t-SC-m
3502_5,0.30311064,0.569459173,0.377518558,2.54524567,4.829268293,0.299752563,Ts65Dn,Memantine,S/C,t-SC-m
3502_6,0.302090716,0.57902197,0.394223955,2.651842665,5.603472714,0.312189936,Ts65Dn,Memantine,S/C,t-SC-m
3502_7,0.285682023,0.51535682,0.350045167,2.480126468,4.256323397,0.348915989,Ts65Dn,Memantine,S/C,t-SC-m
3502_8,0.252850877,0.529385965,0.35745614,2.478508772,4.535307018,0.310964912,Ts65Dn,Memantine,S/C,t-SC-m
3502_9,0.27897458,0.52800517,0.361912969,2.520896165,4.763679449,0.359974149,Ts65Dn,Memantine,S/C,t-SC-m
3502_10,0.262447257,0.544303797,0.373277075,2.545428973,3.875668073,0.339803094,Ts65Dn,Memantine,S/C,t-SC-m
3502_11,0.270999725,0.512806389,0.384742495,2.507022859,4.273753787,0.35665106,Ts65Dn,Memantine,S/C,t-SC-m
3502_12,0.290473712,0.518740239,0.38209266,2.416189485,4.279541905,0.326132223,Ts65Dn,Memantine,S/C,t-SC-m
3502_13,0.22092145,0.468277946,0.351963746,2.570996979,3.702416918,0.369712991,Ts65Dn,Memantine,S/C,t-SC-m
3502_14,0.257121987,0.458728999,0.335646457,2.477720964,3.80715851,0.434623813,Ts65Dn,Memantine,S/C,t-SC-m
3502_15,0.261644833,0.463973799,0.401746725,2.539665211,4.097525473,0.392285298,Ts65Dn,Memantine,S/C,t-SC-m
3530_1,0.333635892,0.602178423,0.324040456,2.8344139,5.132131743,0.242997925,Ts65Dn,Memantine,S/C,t-SC-m
3530_2,0.382975975,0.588607595,0.307672436,2.77124774,5.116507362,0.245672953,Ts65Dn,Memantine,S/C,t-SC-m
3530_3,0.940955587,0.608701282,0.321766153,2.789071604,5.36902758,0.239673702,Ts65Dn,Memantine,S/C,t-SC-m
3530_4,0.343283582,0.576451078,0.323880597,2.755389718,4.482089552,0.25920398,Ts65Dn,Memantine,S/C,t-SC-m
3530_5,0.326129032,0.556451613,0.301774194,2.673548387,4.675806452,0.252419355,Ts65Dn,Memantine,S/C,t-SC-m
3530_6,0.338065941,0.562233791,0.301782616,2.600567913,4.394541726,0.245937845,Ts65Dn,Memantine,S/C,t-SC-m
3530_7,0.283811475,0.542622951,0.307172131,2.68852459,4.158811475,0.281147541,Ts65Dn,Memantine,S/C,t-SC-m
3530_8,0.274880573,0.522492038,0.292993631,2.603702229,4.332404459,0.267515924,Ts65Dn,Memantine,S/C,t-SC-m
3530_9,0.284920483,0.514083158,0.287794597,2.471163058,4.001341253,0.259053459,Ts65Dn,Memantine,S/C,t-SC-m
3530_10,0.299533513,0.542106555,0.293150012,2.490547508,3.437269826,0.271298797,Ts65Dn,Memantine,S/C,t-SC-m
3530_11,0.2964787,0.541738488,0.300911106,2.507017976,3.555035705,0.276779118,Ts65Dn,Memantine,S/C,t-SC-m
3530_12,0.293580247,0.533580247,0.34691358,2.48,3.540246914,0.275308642,Ts65Dn,Memantine,S/C,t-SC-m
3530_13,0.278592375,0.52228739,0.307038123,2.351612903,3.07888563,0.32228739,Ts65Dn,Memantine,S/C,t-SC-m
3530_14,0.276785714,0.502678571,0.356547619,2.406845238,3.095238095,0.32202381,Ts65Dn,Memantine,S/C,t-SC-m
3530_15,0.341388804,0.550321199,0.362496176,2.449984705,3.456714592,0.338329764,Ts65Dn,Memantine,S/C,t-SC-m
3534_1,0.424200471,0.682403433,0.340994047,2.677973141,4.52443583,0.278000831,Ts65Dn,Memantine,S/C,t-SC-m
3534_2,0.436950147,0.675743611,0.331378299,2.742214774,5.073034492,0.281804217,Ts65Dn,Memantine,S/C,t-SC-m
3534_3,0.424732696,0.704698931,0.341868317,2.735790658,5.081879572,0.299099606,Ts65Dn,Memantine,S/C,t-SC-m
3534_4,0.372619829,0.621634931,0.292350624,2.470617203,4.060242942,0.271831911,Ts65Dn,Memantine,S/C,t-SC-m
3534_5,0.40312229,0.66764961,0.31951431,2.572072853,4.238508239,0.273720729,Ts65Dn,Memantine,S/C,t-SC-m
3534_6,0.399506782,0.662321649,0.318478069,2.536022547,4.820151488,0.301567729,Ts65Dn,Memantine,S/C,t-SC-m
3534_7,0.339455221,0.553446141,0.278992984,2.388774247,3.665910029,0.269706975,Ts65Dn,Memantine,S/C,t-SC-m
3534_8,0.378192745,0.59927023,0.300922945,2.434427989,4.029405452,0.281605495,Ts65Dn,Memantine,S/C,t-SC-m
3534_9,0.336807003,0.58336807,0.285118799,2.403293039,4.066069195,0.277615673,Ts65Dn,Memantine,S/C,t-SC-m
3534_10,0.330657301,0.556447566,0.28775715,2.326894129,3.102107376,0.286001004,Ts65Dn,Memantine,S/C,t-SC-m
3534_11,0.33877753,0.540955209,0.290522148,2.246473645,3.357584756,0.274189557,Ts65Dn,Memantine,S/C,t-SC-m
3534_12,0.349507202,0.561789234,0.292898661,2.278493808,3.554207733,0.289360627,Ts65Dn,Memantine,S/C,t-SC-m
3534_13,0.340852905,0.52039555,0.322620519,2.232076638,3.17552534,0.314585909,Ts65Dn,Memantine,S/C,t-SC-m
3534_14,0.340064103,0.538782051,0.304166667,2.335576923,3.3375,0.329487179,Ts65Dn,Memantine,S/C,t-SC-m
3534_15,0.327130852,0.517406963,0.317226891,2.216986795,3.167767107,0.322328932,Ts65Dn,Memantine,S/C,t-SC-m
3605_1,0.387451401,0.634535461,0.323769942,2.440541628,5.293336908,0.234213702,Ts65Dn,Memantine,S/C,t-SC-m
3605_2,0.40726419,0.670211297,0.33462229,2.589283248,5.204391659,0.237536252,Ts65Dn,Memantine,S/C,t-SC-m
3605_3,0.463199348,0.656572515,0.335551331,2.5640956,5.247827268,0.249864204,Ts65Dn,Memantine,S/C,t-SC-m
3605_4,0.37557377,0.618852459,0.317704918,2.33,4.292295082,0.24442623,Ts65Dn,Memantine,S/C,t-SC-m
3605_5,0.389022298,0.639279588,0.328301887,2.426758148,4.889879931,0.251286449,Ts65Dn,Memantine,S/C,t-SC-m
3605_6,0.408919383,0.639279588,0.332590051,2.507204117,4.900171527,0.255060034,Ts65Dn,Memantine,S/C,t-SC-m
3605_7,0.370727784,0.570365903,0.309609972,2.1982308,4.102533172,0.262364294,Ts65Dn,Memantine,S/C,t-SC-m
3605_8,0.378715444,0.611099564,0.313864062,2.321346913,4.261276242,0.265225525,Ts65Dn,Memantine,S/C,t-SC-m
3605_9,0.379188345,0.608740895,0.320291363,2.376690947,4.177939646,0.263891779,Ts65Dn,Memantine,S/C,t-SC-m
3605_10,0.363454318,0.563204005,0.318397997,2.119649562,3.406257822,0.279849812,Ts65Dn,Memantine,S/C,t-SC-m
3605_11,0.381261355,0.596937451,0.332208669,2.268102777,3.773423307,0.286789515,Ts65Dn,Memantine,S/C,t-SC-m
3605_12,0.375228639,0.598902535,0.338646459,2.288476614,3.706297361,0.281944082,Ts65Dn,Memantine,S/C,t-SC-m
3605_13,0.358473824,0.577343981,0.327122153,2.089618456,3.133688258,0.316770186,Ts65Dn,Memantine,S/C,t-SC-m
3605_14,0.344549899,0.53781996,0.324705206,2.056945643,3.148403796,0.294506759,Ts65Dn,Memantine,S/C,t-SC-m
3605_15,0.408917197,0.580573248,0.37388535,2.30955414,3.51433121,0.310828025,Ts65Dn,Memantine,S/C,t-SC-m
3606_1,0.486174589,0.781878428,0.322897623,2.288391225,4.811585923,0.23857404,Ts65Dn,Memantine,S/C,t-SC-m
3606_2,0.476542665,0.75836185,0.303896677,2.242852412,4.78662104,0.238988851,Ts65Dn,Memantine,S/C,t-SC-m
3606_3,0.489683166,0.786221671,0.318074191,2.300710339,5.008343669,0.244559702,Ts65Dn,Memantine,S/C,t-SC-m
3606_4,0.424989375,0.679699674,0.291967701,2.241535628,4.343674741,0.220569486,Ts65Dn,Memantine,S/C,t-SC-m
3606_5,0.403120416,0.649019869,0.277103614,2.088145086,4.158687825,0.216428857,Ts65Dn,Memantine,S/C,t-SC-m
3606_6,0.414507062,0.675030852,0.276840806,2.202248732,4.440010969,0.240641711,Ts65Dn,Memantine,S/C,t-SC-m
3606_7,0.413705584,0.64179357,0.281387479,2.151099831,3.842978003,0.227411168,Ts65Dn,Memantine,S/C,t-SC-m
3606_8,0.396520597,0.625471853,0.268012473,2.026587888,3.763827343,0.218775644,Ts65Dn,Memantine,S/C,t-SC-m
3606_9,0.399572298,0.632998848,0.274716236,2.04227669,3.982891923,0.238855075,Ts65Dn,Memantine,S/C,t-SC-m
3606_10,0.369756497,0.57253939,0.272150604,1.903212605,3.255780643,0.214651115,Ts65Dn,Memantine,S/C,t-SC-m
3606_11,0.390426639,0.584183143,0.28491155,1.953173777,3.424141519,0.219771072,Ts65Dn,Memantine,S/C,t-SC-m
3606_12,0.361477046,0.567864271,0.273053892,1.84510978,3.310179641,0.214570858,Ts65Dn,Memantine,S/C,t-SC-m
3606_13,0.344771994,0.541225242,0.268309535,1.787655458,2.835099033,0.209580838,Ts65Dn,Memantine,S/C,t-SC-m
3606_14,0.362089915,0.582989064,0.286512758,1.889914945,3.128311057,0.228432564,Ts65Dn,Memantine,S/C,t-SC-m
3606_15,0.353036625,0.536624942,0.264487714,1.802271674,2.998840983,0.22160408,Ts65Dn,Memantine,S/C,t-SC-m
3421_1,0.30010089,0.584518023,0.323672384,2.02806567,3.253324773,0.215078419,Ts65Dn,Saline,S/C,t-SC-s
3421_2,0.296766423,0.586305939,0.317242657,2.011118317,3.233762624,0.215232095,Ts65Dn,Saline,S/C,t-SC-s
3421_3,0.318265952,0.613151486,0.345640526,2.153044325,3.378373113,0.220555285,Ts65Dn,Saline,S/C,t-SC-s
3421_4,0.286237741,0.519021446,0.300678952,1.817544994,2.763013256,0.20756547,Ts65Dn,Saline,S/C,t-SC-s
3421_5,0.278368993,0.503528621,0.301781113,1.913744819,2.786042343,0.20858071,Ts65Dn,Saline,S/C,t-SC-s
3421_6,0.298557804,0.541521284,0.310188416,1.924401023,2.976738776,0.221330542,Ts65Dn,Saline,S/C,t-SC-s
3421_7,0.237556561,0.420933556,0.250059538,1.501547988,2.163610383,0.18706835,Ts65Dn,Saline,S/C,t-SC-s
3421_8,0.252389804,0.460966543,0.258629846,1.714285714,2.420074349,0.202469464,Ts65Dn,Saline,S/C,t-SC-s
3421_9,0.263753359,0.489605431,0.277329939,1.781643332,2.626361194,0.215528214,Ts65Dn,Saline,S/C,t-SC-s
3421_10,0.238836364,0.384145455,0.234618182,1.44,1.928436364,0.198690909,Ts65Dn,Saline,S/C,t-SC-s
3421_11,0.226899537,0.395432154,0.248693835,1.460665771,1.860128377,0.188535602,Ts65Dn,Saline,S/C,t-SC-s
3421_12,0.261107314,0.443779904,0.276657553,1.674128503,2.256493506,0.218215995,Ts65Dn,Saline,S/C,t-SC-s
3421_13,0.216134185,0.364057508,0.241693291,1.330830671,1.737539936,0.197124601,Ts65Dn,Saline,S/C,t-SC-s
3421_14,0.212369478,0.369959839,0.239036145,1.346827309,1.814939759,0.194538153,Ts65Dn,Saline,S/C,t-SC-s
3421_15,0.25728988,0.432628168,0.289689346,1.589289118,2.125976749,0.232704403,Ts65Dn,Saline,S/C,t-SC-s
3425_1,0.37869997,0.738617367,0.318812076,2.426885633,4.070213394,0.219097256,Ts65Dn,Saline,S/C,t-SC-s
3425_2,0.364971751,0.702542373,0.314783427,2.332015066,3.675235405,0.211770245,Ts65Dn,Saline,S/C,t-SC-s
3425_3,0.369857994,0.681355932,0.298396702,2.309665598,3.67924874,0.212093449,Ts65Dn,Saline,S/C,t-SC-s
3425_4,0.340110471,0.63039135,0.284404748,2.164179104,3.433540957,0.204489364,Ts65Dn,Saline,S/C,t-SC-s
3425_5,0.364356657,0.603838857,0.269501172,2.031692891,3.103894655,0.194397947,Ts65Dn,Saline,S/C,t-SC-s
3425_6,0.353143364,0.595631445,0.261558931,2.055105888,3.070517796,0.197915512,Ts65Dn,Saline,S/C,t-SC-s
3425_7,0.306110712,0.547951114,0.260963336,1.975557153,2.908123652,0.188641265,Ts65Dn,Saline,S/C,t-SC-s
3425_8,0.278722045,0.492907348,0.234376997,1.773929712,2.554504792,0.175463259,Ts65Dn,Saline,S/C,t-SC-s
3425_9,0.274203945,0.491040351,0.235013536,1.768982854,2.596106742,0.183060462,Ts65Dn,Saline,S/C,t-SC-s
3425_10,0.273416887,0.480870712,0.246042216,1.733509235,2.428100264,0.18469657,Ts65Dn,Saline,S/C,t-SC-s
3425_11,0.254252874,0.435862069,0.207662835,1.590038314,2.152337165,0.171494253,Ts65Dn,Saline,S/C,t-SC-s
3425_12,0.261084505,0.440908389,0.216283022,1.619032906,2.194963695,0.185539935,Ts65Dn,Saline,S/C,t-SC-s
3425_13,0.235262206,0.411392405,0.203435805,1.484990958,1.944122966,0.165461121,Ts65Dn,Saline,S/C,t-SC-s
3425_14,0.235136583,0.390108909,0.206748795,1.466880914,1.836636315,0.165684699,Ts65Dn,Saline,S/C,t-SC-s
3425_15,0.226490527,0.380497132,0.194159569,1.414913958,1.7947158,0.162350078,Ts65Dn,Saline,S/C,t-SC-s
3426_1,0.500643119,0.828336796,0.409320273,2.68328881,4.594835263,0.252003562,Ts65Dn,Saline,S/C,t-SC-s
3426_2,0.478054342,0.807524226,0.38732662,2.608018241,4.36699601,0.241022231,Ts65Dn,Saline,S/C,t-SC-s
3426_3,0.490755977,0.836221082,0.376439841,2.620559481,4.414287097,0.250120995,Ts65Dn,Saline,S/C,t-SC-s
3426_4,0.484586466,0.74160401,0.382957393,2.445614035,4.281578947,0.25764411,Ts65Dn,Saline,S/C,t-SC-s
3426_5,0.440089191,0.711653562,0.347259711,2.367210421,3.683957282,0.241168877,Ts65Dn,Saline,S/C,t-SC-s
3426_6,0.452596073,0.729309722,0.347187086,2.384170582,3.941573304,0.244187447,Ts65Dn,Saline,S/C,t-SC-s
3426_7,0.420346388,0.666250585,0.344047433,2.308472461,3.622405992,0.246060228,Ts65Dn,Saline,S/C,t-SC-s
3426_8,0.39416893,0.62369587,0.316564242,2.104044591,3.314706303,0.234529084,Ts65Dn,Saline,S/C,t-SC-s
3426_9,0.40173887,0.659571279,0.321840803,2.183930445,3.411782341,0.236546245,Ts65Dn,Saline,S/C,t-SC-s
3426_10,0.382181818,0.586545455,0.318545455,2.072,3.073636364,0.259636364,Ts65Dn,Saline,S/C,t-SC-s
3426_11,0.365621698,0.572208524,0.297992251,2.004931314,2.783550546,0.245332864,Ts65Dn,Saline,S/C,t-SC-s
3426_12,0.365604868,0.599498926,0.301539012,2.062813171,2.952576951,0.248568361,Ts65Dn,Saline,S/C,t-SC-s
3491_1,0.45099035,0.714660572,0.383866599,2.598103944,4.396478754,0.267902489,Ts65Dn,Saline,S/C,t-SC-s
3491_2,0.430101997,0.725550699,0.401131396,2.647295792,4.216250964,0.271277963,Ts65Dn,Saline,S/C,t-SC-s
3491_3,0.422576225,0.72045221,0.380524152,2.646282974,4.377440904,0.2995889,Ts65Dn,Saline,S/C,t-SC-s
3491_4,0.395634668,0.638482729,0.353676626,2.509218055,3.98018648,0.262237762,Ts65Dn,Saline,S/C,t-SC-s
3491_5,0.391900377,0.63614483,0.352658016,2.413980745,3.807974048,0.260150691,Ts65Dn,Saline,S/C,t-SC-s
3491_6,0.383192765,0.626562341,0.332892999,2.357280764,3.722589168,0.251702063,Ts65Dn,Saline,S/C,t-SC-s
3491_7,0.372281167,0.577851459,0.3433687,2.235676393,3.409814324,0.253448276,Ts65Dn,Saline,S/C,t-SC-s
3491_8,0.347121369,0.565093361,0.313407676,2.157157676,3.305108921,0.24598029,Ts65Dn,Saline,S/C,t-SC-s
3491_9,0.330275229,0.542507645,0.289785933,2.051009174,3.117675841,0.24,Ts65Dn,Saline,S/C,t-SC-s
3491_10,0.422991643,0.573767696,0.363295241,2.321848883,3.563022344,0.270339417,Ts65Dn,Saline,S/C,t-SC-s
3491_11,0.468944622,0.568254503,0.385961959,2.250126241,3.358020535,0.268641643,Ts65Dn,Saline,S/C,t-SC-s
3491_12,0.373620945,0.561337066,0.361929853,2.1967726,3.411493496,0.280586201,Ts65Dn,Saline,S/C,t-SC-s
3491_13,0.43200681,0.538838051,0.358586933,2.208129389,2.952543094,0.285592679,Ts65Dn,Saline,S/C,t-SC-s
3491_14,0.411998328,0.536162207,0.362458194,2.115593645,2.903846154,0.300585284,Ts65Dn,Saline,S/C,t-SC-s
3491_15,0.354198767,0.485939908,0.356124807,1.955123267,2.864791988,0.288906009,Ts65Dn,Saline,S/C,t-SC-s
3513_1,0.423525668,0.668328384,0.374946966,2.846414934,5.449724226,0.258803564,Ts65Dn,Saline,S/C,t-SC-s
3513_2,0.431654676,0.699585786,0.387617179,2.855788097,5.53204709,0.261063876,Ts65Dn,Saline,S/C,t-SC-s
3513_3,0.425481289,0.698031581,0.380380705,2.874972961,5.279688514,0.254055808,Ts65Dn,Saline,S/C,t-SC-s
3513_4,0.410867238,0.614694861,0.399491435,2.748260171,4.919834047,0.263784797,Ts65Dn,Saline,S/C,t-SC-s
3513_5,0.402910659,0.636167632,0.357768495,2.67308988,4.682522571,0.261555046,Ts65Dn,Saline,S/C,t-SC-s
3513_6,0.358812841,0.585099939,0.312658995,2.443973349,4.370563295,0.221078134,Ts65Dn,Saline,S/C,t-SC-s
3513_7,0.394220846,0.573271414,0.366357069,2.590815273,4.496904025,0.254385965,Ts65Dn,Saline,S/C,t-SC-s
3513_8,0.388473308,0.573614417,0.336960218,2.517851071,4.293947637,0.285957157,Ts65Dn,Saline,S/C,t-SC-s
3513_9,0.344535126,0.552408385,0.317010722,2.355576892,4.024323892,0.232197152,Ts65Dn,Saline,S/C,t-SC-s
3513_10,0.356999599,0.526073004,0.332731649,2.373445648,3.885078219,0.254713197,Ts65Dn,Saline,S/C,t-SC-s
3513_11,0.324591968,0.482119934,0.292499542,2.145424537,3.425453879,0.233449477,Ts65Dn,Saline,S/C,t-SC-s
3513_12,0.349743395,0.506557689,0.303364379,2.18570614,3.532598365,0.228663752,Ts65Dn,Saline,S/C,t-SC-s
3513_13,0.341148886,0.483001172,0.325908558,2.246424385,3.480187573,0.272215709,Ts65Dn,Saline,S/C,t-SC-s
3513_14,0.331467226,0.492185678,0.317004899,2.233496618,3.41240961,0.288313506,Ts65Dn,Saline,S/C,t-SC-s
3513_15,0.312993386,0.48090463,0.291444421,2.003200341,3.039470877,0.262427992,Ts65Dn,Saline,S/C,t-SC-s
3517_1,0.415249589,0.655787164,0.403592979,3.035518376,5.781952825,0.259736698,Ts65Dn,Saline,S/C,t-SC-s
3517_2,0.385877412,0.612547578,0.390864943,2.858905368,5.372358577,0.250557816,Ts65Dn,Saline,S/C,t-SC-s
3517_3,0.397678917,0.624242424,0.370728562,2.7103804,5.16273372,0.245776918,Ts65Dn,Saline,S/C,t-SC-s
3517_4,0.35652729,0.565751676,0.375518672,2.709224386,4.730928822,0.248483881,Ts65Dn,Saline,S/C,t-SC-s
3517_5,0.33130654,0.52217114,0.344653715,2.459884324,4.255969153,0.233427258,Ts65Dn,Saline,S/C,t-SC-s
3517_6,0.348664238,0.545537341,0.385701275,2.483151184,4.333485124,0.253187614,Ts65Dn,Saline,S/C,t-SC-s
3517_7,0.361781848,0.565986678,0.376144879,2.774771024,4.450249792,0.262905912,Ts65Dn,Saline,S/C,t-SC-s
3517_8,0.329360575,0.503216042,0.326144533,2.487892546,3.925841846,0.231176693,Ts65Dn,Saline,S/C,t-SC-s
3517_9,0.328313813,0.50046477,0.363264547,2.409369771,3.796988288,0.226250232,Ts65Dn,Saline,S/C,t-SC-s
3517_10,0.377490298,0.528331177,0.379560155,2.689262613,3.978007762,0.266752911,Ts65Dn,Saline,S/C,t-SC-s
3517_11,0.367813384,0.478322337,0.346371348,2.356974552,3.561498586,0.252120641,Ts65Dn,Saline,S/C,t-SC-s
3517_12,0.296432432,0.430918919,0.314810811,2.175135135,3.218594595,0.233297297,Ts65Dn,Saline,S/C,t-SC-s
3517_13,0.300902425,0.426959955,0.395093063,2.196559504,3.129723632,0.239706712,Ts65Dn,Saline,S/C,t-SC-s
3517_14,0.287620064,0.402881537,0.361792956,2.049893276,2.749733191,0.274012807,Ts65Dn,Saline,S/C,t-SC-s
3517_15,0.28208323,0.378519811,0.336905059,1.870919512,2.692748567,0.206578619,Ts65Dn,Saline,S/C,t-SC-s
3525_1,0.437859667,0.705300353,0.417970722,2.796769308,5.460777385,0.279858657,Ts65Dn,Saline,S/C,t-SC-s
3525_2,0.450879007,0.735884178,0.435056877,2.974974147,5.829058945,0.293795243,Ts65Dn,Saline,S/C,t-SC-s
3525_3,0.441197654,0.734952156,0.44335837,2.978289948,6.201461056,0.296738348,Ts65Dn,Saline,S/C,t-SC-s
3525_4,0.412267658,0.645848823,0.403841388,2.594052045,5.178686493,0.288228005,Ts65Dn,Saline,S/C,t-SC-s
3525_5,0.430794534,0.667130567,0.425733806,2.637525304,5.378415992,0.29402834,Ts65Dn,Saline,S/C,t-SC-s
3525_6,0.423008625,0.675925926,0.439751395,2.702308473,5.899036022,0.302004059,Ts65Dn,Saline,S/C,t-SC-s
3525_7,0.382194684,0.60345671,0.383499103,2.470895157,4.552258275,0.289091798,Ts65Dn,Saline,S/C,t-SC-s
3525_8,0.399864223,0.637813985,0.405295316,2.652579769,5.181602172,0.304650373,Ts65Dn,Saline,S/C,t-SC-s
3525_9,0.391501784,0.624391826,0.4041518,2.623905287,5.215212455,0.304573467,Ts65Dn,Saline,S/C,t-SC-s
3525_10,0.364487927,0.587427144,0.420482931,2.543713572,4.521856786,0.321815154,Ts65Dn,Saline,S/C,t-SC-s
3525_11,0.382148693,0.595792484,0.399101307,2.527573529,4.629493464,0.317810458,Ts65Dn,Saline,S/C,t-SC-s
3525_12,0.387946518,0.586509679,0.431650369,2.527040511,4.78108162,0.316902814,Ts65Dn,Saline,S/C,t-SC-s
3525_13,0.343695162,0.562547004,0.361243419,2.412885435,3.949360742,0.330157934,Ts65Dn,Saline,S/C,t-SC-s
3525_14,0.346593734,0.551466932,0.390353058,2.445052213,4.236200895,0.343610144,Ts65Dn,Saline,S/C,t-SC-s
3525_15,0.365906887,0.5528613,0.386275461,2.473811833,4.347235694,0.353782735,Ts65Dn,Saline,S/C,t-SC-s
J1291_1,0.277106869,0.514868199,0.320348007,2.36579665,3.371250487,0.234774705,Ts65Dn,Saline,S/C,t-SC-s
J1291_2,0.287188989,0.523557438,0.319745897,2.425489677,3.589465326,0.244044468,Ts65Dn,Saline,S/C,t-SC-s
J1291_3,0.289369559,0.526378264,0.32629913,2.383935637,3.457267212,0.237931944,Ts65Dn,Saline,S/C,t-SC-s
J1291_4,0.256108877,0.455459326,0.303124033,2.213269409,3.148468914,0.236931642,Ts65Dn,Saline,S/C,t-SC-s
J1291_5,0.268433005,0.447236942,0.300984103,2.157153671,3.037698713,0.235427706,Ts65Dn,Saline,S/C,t-SC-s
J1291_6,0.273664183,0.476930395,0.329316632,2.222292691,3.265260821,0.238306643,Ts65Dn,Saline,S/C,t-SC-s
J1291_7,0.237046878,0.413550958,0.296071361,2.140444107,2.790282786,0.241412033,Ts65Dn,Saline,S/C,t-SC-s
J1291_8,0.293881453,0.400956023,0.279349904,2.124282983,3.002868069,0.247036329,Ts65Dn,Saline,S/C,t-SC-s
J1291_9,0.237271854,0.408069164,0.283381364,2.131219981,3.005763689,0.247838617,Ts65Dn,Saline,S/C,t-SC-s
J1291_10,0.207142857,0.373809524,0.276428571,2.082619048,2.733571429,0.29547619,Ts65Dn,Saline,S/C,t-SC-s
J1291_11,0.249584422,0.377582522,0.275943956,2.052244123,2.655188791,0.257658513,Ts65Dn,Saline,S/C,t-SC-s
J1291_12,0.20413561,0.401779274,0.274344794,2.081990863,2.828564559,0.268574176,Ts65Dn,Saline,S/C,t-SC-s
J1291_13,0.20406547,0.328405491,0.25343189,1.889915523,2.403379092,0.271119324,Ts65Dn,Saline,S/C,t-SC-s
J1291_14,0.163324538,0.332453826,0.255145119,1.901846966,2.44591029,0.539050132,Ts65Dn,Saline,S/C,t-SC-s
J1291_15,0.175857339,0.3478738,0.282578875,2.007407407,2.587105624,0.261454047,Ts65Dn,Saline,S/C,t-SC-s
J3295_1,0.359145674,0.634173056,0.344687842,2.715334064,4.20898138,0.223658269,Ts65Dn,Saline,S/C,t-SC-s
J3295_2,0.357103615,0.63256785,0.354466542,2.694429184,4.292385452,0.226458631,Ts65Dn,Saline,S/C,t-SC-s
J3295_3,0.374019278,0.661735037,0.362811029,2.791974894,4.477023089,0.222932078,Ts65Dn,Saline,S/C,t-SC-s
J3295_4,0.356012037,0.585110559,0.313620306,2.545073924,3.79445244,0.221117362,Ts65Dn,Saline,S/C,t-SC-s
J3295_5,0.329829172,0.573061761,0.334691196,2.548357424,3.808278581,0.229040736,Ts65Dn,Saline,S/C,t-SC-s
J3295_6,0.35513649,0.588025847,0.314914941,2.544507451,3.981010154,0.224713174,Ts65Dn,Saline,S/C,t-SC-s
J3295_7,0.318447798,0.509701263,0.290575916,2.314752079,3.041114875,0.229134586,Ts65Dn,Saline,S/C,t-SC-s
J3295_8,0.333438486,0.514353312,0.316403785,2.3170347,3.451892744,0.235962145,Ts65Dn,Saline,S/C,t-SC-s
J3295_9,0.280945758,0.528820893,0.299644568,2.290990573,3.243548138,0.246020708,Ts65Dn,Saline,S/C,t-SC-s
J3295_10,0.230976538,0.423589093,0.254438808,1.868896639,2.447209892,0.209733672,Ts65Dn,Saline,S/C,t-SC-s
J3295_11,0.254860375,0.463591375,0.254860375,2.092082008,2.600035348,0.211735596,Ts65Dn,Saline,S/C,t-SC-s
J3295_12,0.272197962,0.474163028,0.251637555,2.161390102,2.801491994,0.251273654,Ts65Dn,Saline,S/C,t-SC-s
J3295_13,0.228699552,0.395179372,0.234118087,1.733183857,2.220852018,0.220665172,Ts65Dn,Saline,S/C,t-SC-s
J3295_14,0.221242406,0.412894376,0.243974133,1.876347247,2.384087791,0.208896727,Ts65Dn,Saline,S/C,t-SC-s
J3295_15,0.302625723,0.46105919,0.256564308,2.092790387,2.59434802,0.251001335,Ts65Dn,Saline,S/C,t-SC-s
